"id_origin","hour","dow","viajes"
"0827901",0,1,10678.565
"0827901",0,2,10108.414
"0827901",0,3,10150.463
"0827901",0,4,9953.07
"0827901",0,5,11385.604
"0827901",0,6,15392.335
"0827901",0,7,17246.489
"0827901",1,1,5630.976
"0827901",1,2,5440.944
"0827901",1,3,4840.959
"0827901",1,4,5473.98
"0827901",1,5,5413.376
"0827901",1,6,8982.179
"0827901",1,7,9337.8
"0827901",2,1,4046.777
"0827901",2,2,3523.982
"0827901",2,3,3811.566
"0827901",2,4,4217.812
"0827901",2,5,4024.444
"0827901",2,6,6265.43
"0827901",2,7,6139.877
"0827901",3,1,3033.179
"0827901",3,2,2905.647
"0827901",3,3,2876.65
"0827901",3,4,3203.072
"0827901",3,5,3422.709
"0827901",3,6,4737.283
"0827901",3,7,4844.294
"0827901",4,1,3667.119
"0827901",4,2,4155.101
"0827901",4,3,4041.997
"0827901",4,4,3877.801
"0827901",4,5,3918.089
"0827901",4,6,4389.017
"0827901",4,7,4586.635
"0827901",5,1,6975.198
"0827901",5,2,8192.648
"0827901",5,3,8111.735
"0827901",5,4,8099.356
"0827901",5,5,8047.735
"0827901",5,6,5983.182
"0827901",5,7,5368.021
"0827901",6,1,14994.885
"0827901",6,2,17381.48
"0827901",6,3,17262.805
"0827901",6,4,16449.477
"0827901",6,5,16954.827
"0827901",6,6,9719.622
"0827901",6,7,8908.612
"0827901",7,1,25582.982
"0827901",7,2,32255.422
"0827901",7,3,31876.419
"0827901",7,4,31269.393
"0827901",7,5,29941.632
"0827901",7,6,13368.905
"0827901",7,7,11079.02
"0827901",8,1,26450.765
"0827901",8,2,33627.341
"0827901",8,3,32630.88
"0827901",8,4,32094.5
"0827901",8,5,31092.25
"0827901",8,6,18254.961
"0827901",8,7,13762.762
"0827901",9,1,26235.694
"0827901",9,2,30746.028
"0827901",9,3,29691.035
"0827901",9,4,28971.398
"0827901",9,5,30634.788
"0827901",9,6,22884.738
"0827901",9,7,17898.765
"0827901",10,1,28419.045
"0827901",10,2,28328.292
"0827901",10,3,28420.814
"0827901",10,4,27504.064
"0827901",10,5,27799.003
"0827901",10,6,26948.958
"0827901",10,7,22090.202
"0827901",11,1,29041.177
"0827901",11,2,30382.642
"0827901",11,3,29784.882
"0827901",11,4,29343.166
"0827901",11,5,30616.053
"0827901",11,6,31094.54
"0827901",11,7,25776.803
"0827901",12,1,29679.334
"0827901",12,2,33087.228
"0827901",12,3,32008.143
"0827901",12,4,32225.572
"0827901",12,5,32757.429
"0827901",12,6,33048.371
"0827901",12,7,29039.409
"0827901",13,1,34916.46
"0827901",13,2,38935.631
"0827901",13,3,38202.238
"0827901",13,4,38044.883
"0827901",13,5,37553.971
"0827901",13,6,34157.599
"0827901",13,7,32418.97
"0827901",14,1,34223.75
"0827901",14,2,38511.295
"0827901",14,3,37723.984
"0827901",14,4,36957.203
"0827901",14,5,39087.596
"0827901",14,6,28714.333
"0827901",14,7,26027.177
"0827901",15,1,28989.471
"0827901",15,2,32972.293
"0827901",15,3,34090.689
"0827901",15,4,32362.472
"0827901",15,5,34110.819
"0827901",15,6,24264.938
"0827901",15,7,20210.805
"0827901",16,1,28107.407
"0827901",16,2,31699.449
"0827901",16,3,31751.717
"0827901",16,4,31494.8
"0827901",16,5,32944.588
"0827901",16,6,26076.254
"0827901",16,7,20650.744
"0827901",17,1,35757.425
"0827901",17,2,38934.519
"0827901",17,3,38137.827
"0827901",17,4,39821.273
"0827901",17,5,37166.378
"0827901",17,6,26618.529
"0827901",17,7,22250.031
"0827901",18,1,36330.61
"0827901",18,2,40228.159
"0827901",18,3,39977.817
"0827901",18,4,40145.083
"0827901",18,5,37171.74
"0827901",18,6,30776.669
"0827901",18,7,23821.837
"0827901",19,1,37304.75
"0827901",19,2,40950.742
"0827901",19,3,43592.147
"0827901",19,4,40946.783
"0827901",19,5,37978.261
"0827901",19,6,35925.808
"0827901",19,7,24037.323
"0827901",20,1,35684.804
"0827901",20,2,37677.195
"0827901",20,3,38126.958
"0827901",20,4,37241.526
"0827901",20,5,36182.833
"0827901",20,6,39356.154
"0827901",20,7,24884.305
"0827901",21,1,27059.637
"0827901",21,2,28068.429
"0827901",21,3,27968.096
"0827901",21,4,27704.557
"0827901",21,5,28518.388
"0827901",21,6,31088.397
"0827901",21,7,21781.115
"0827901",22,1,19789.665
"0827901",22,2,20120.335
"0827901",22,3,20134.141
"0827901",22,4,20756.923
"0827901",22,5,21371.504
"0827901",22,6,22827.477
"0827901",22,7,17809.727
"0827901",23,1,12758.398
"0827901",23,2,13975.735
"0827901",23,3,14316.119
"0827901",23,4,14483.662
"0827901",23,5,16889.763
"0827901",23,6,17307.711
"0827901",23,7,12779.757
"0827902",0,1,6063.992
"0827902",0,2,5824.101
"0827902",0,3,6116.331
"0827902",0,4,5854.705
"0827902",0,5,6003.986
"0827902",0,6,7336.674
"0827902",0,7,8085.956
"0827902",1,1,3549.104
"0827902",1,2,3537.87
"0827902",1,3,3105.758
"0827902",1,4,3343.327
"0827902",1,5,3531.665
"0827902",1,6,4458.157
"0827902",1,7,4803.367
"0827902",2,1,2821.372
"0827902",2,2,2746.177
"0827902",2,3,2489.728
"0827902",2,4,2925.588
"0827902",2,5,2559.99
"0827902",2,6,3048.62
"0827902",2,7,3486.228
"0827902",3,1,2338.72
"0827902",3,2,2131.992
"0827902",3,3,2361.543
"0827902",3,4,2224.856
"0827902",3,5,2150.816
"0827902",3,6,2661.825
"0827902",3,7,2978.609
"0827902",4,1,2728.651
"0827902",4,2,2731.325
"0827902",4,3,2746.182
"0827902",4,4,2672.283
"0827902",4,5,2836.835
"0827902",4,6,2616.903
"0827902",4,7,2740.87
"0827902",5,1,5207.027
"0827902",5,2,5922.442
"0827902",5,3,5985.668
"0827902",5,4,5751.96
"0827902",5,5,6152.196
"0827902",5,6,3917.156
"0827902",5,7,3509.936
"0827902",6,1,9955.331
"0827902",6,2,11853.144
"0827902",6,3,11679.28
"0827902",6,4,10979.004
"0827902",6,5,11585.169
"0827902",6,6,6058.733
"0827902",6,7,5201.648
"0827902",7,1,16132.317
"0827902",7,2,20084.773
"0827902",7,3,19613.734
"0827902",7,4,19132.341
"0827902",7,5,19649.238
"0827902",7,6,7903.276
"0827902",7,7,6401.427
"0827902",8,1,15626.955
"0827902",8,2,18867.013
"0827902",8,3,18233.122
"0827902",8,4,18490.391
"0827902",8,5,17645.643
"0827902",8,6,10419.368
"0827902",8,7,7917.959
"0827902",9,1,14084.468
"0827902",9,2,15268.964
"0827902",9,3,15308.368
"0827902",9,4,15519.056
"0827902",9,5,15872.647
"0827902",9,6,12952.594
"0827902",9,7,10695.166
"0827902",10,1,13748.301
"0827902",10,2,14083.326
"0827902",10,3,13388.728
"0827902",10,4,13683.648
"0827902",10,5,14077.369
"0827902",10,6,15083.96
"0827902",10,7,12466.326
"0827902",11,1,13624.3
"0827902",11,2,14300.463
"0827902",11,3,14023.779
"0827902",11,4,13751.624
"0827902",11,5,14051.659
"0827902",11,6,15659.356
"0827902",11,7,13716.849
"0827902",12,1,14404.724
"0827902",12,2,14578.009
"0827902",12,3,14683.848
"0827902",12,4,14293.586
"0827902",12,5,14758.491
"0827902",12,6,16621.702
"0827902",12,7,14205.016
"0827902",13,1,15861.644
"0827902",13,2,16145.981
"0827902",13,3,15924.763
"0827902",13,4,15555.184
"0827902",13,5,16694.376
"0827902",13,6,17245.523
"0827902",13,7,15363.146
"0827902",14,1,16572.519
"0827902",14,2,17698.875
"0827902",14,3,17123.038
"0827902",14,4,17487.819
"0827902",14,5,18219.264
"0827902",14,6,14933.193
"0827902",14,7,13185.757
"0827902",15,1,15743.578
"0827902",15,2,17054.92
"0827902",15,3,18193.537
"0827902",15,4,16740.686
"0827902",15,5,17219.802
"0827902",15,6,13479.652
"0827902",15,7,11645.462
"0827902",16,1,15333.156
"0827902",16,2,16617.597
"0827902",16,3,17186.071
"0827902",16,4,16556.374
"0827902",16,5,17269.313
"0827902",16,6,14961.669
"0827902",16,7,11828.435
"0827902",17,1,16285.3
"0827902",17,2,16999.825
"0827902",17,3,17409.727
"0827902",17,4,17141.044
"0827902",17,5,16963.414
"0827902",17,6,15438.219
"0827902",17,7,12705.641
"0827902",18,1,16597.778
"0827902",18,2,17600.485
"0827902",18,3,17713.802
"0827902",18,4,18003.995
"0827902",18,5,17105.412
"0827902",18,6,16365.968
"0827902",18,7,13425.19
"0827902",19,1,16818.703
"0827902",19,2,17357.881
"0827902",19,3,18170.209
"0827902",19,4,17216.087
"0827902",19,5,16954.849
"0827902",19,6,15979.159
"0827902",19,7,12241.099
"0827902",20,1,15698.964
"0827902",20,2,16172.222
"0827902",20,3,16392.061
"0827902",20,4,15701.76
"0827902",20,5,16113.723
"0827902",20,6,15464.164
"0827902",20,7,12486.645
"0827902",21,1,13340.503
"0827902",21,2,13037.18
"0827902",21,3,13426.62
"0827902",21,4,13190.322
"0827902",21,5,13901.725
"0827902",21,6,13904.415
"0827902",21,7,12387.304
"0827902",22,1,10943.401
"0827902",22,2,10930.592
"0827902",22,3,10963.058
"0827902",22,4,10590.302
"0827902",22,5,11270.333
"0827902",22,6,11264.72
"0827902",22,7,10550.09
"0827902",23,1,7141.57
"0827902",23,2,7477.288
"0827902",23,3,7873.273
"0827902",23,4,7808.749
"0827902",23,5,8374.376
"0827902",23,6,8527.596
"0827902",23,7,7545.325
"0827903",0,1,10159.646
"0827903",0,2,8274.168
"0827903",0,3,8789.823
"0827903",0,4,8930.926
"0827903",0,5,9375.866
"0827903",0,6,12249.279
"0827903",0,7,14670.483
"0827903",1,1,5596.664
"0827903",1,2,4625.085
"0827903",1,3,4384.813
"0827903",1,4,4270.176
"0827903",1,5,4951.141
"0827903",1,6,8247.154
"0827903",1,7,8927.699
"0827903",2,1,3451.18
"0827903",2,2,3280.154
"0827903",2,3,3697.022
"0827903",2,4,3646.82
"0827903",2,5,3373.121
"0827903",2,6,5524.433
"0827903",2,7,6051.117
"0827903",3,1,3135.185
"0827903",3,2,2777.639
"0827903",3,3,2932.945
"0827903",3,4,2872.508
"0827903",3,5,3086.488
"0827903",3,6,4583.482
"0827903",3,7,5004.355
"0827903",4,1,3881.734
"0827903",4,2,3468.349
"0827903",4,3,3916.943
"0827903",4,4,3646.154
"0827903",4,5,3882.162
"0827903",4,6,4549.755
"0827903",4,7,4352.978
"0827903",5,1,6310.983
"0827903",5,2,7508.20999999999
"0827903",5,3,7539.268
"0827903",5,4,7580.046
"0827903",5,5,7435.125
"0827903",5,6,5962.525
"0827903",5,7,4959.318
"0827903",6,1,12107.951
"0827903",6,2,15121.501
"0827903",6,3,14668.521
"0827903",6,4,14417.928
"0827903",6,5,14095.045
"0827903",6,6,8456.346
"0827903",6,7,7631.881
"0827903",7,1,20218.607
"0827903",7,2,24590.278
"0827903",7,3,24845.418
"0827903",7,4,24450.619
"0827903",7,5,25101.871
"0827903",7,6,10386.123
"0827903",7,7,8632.377
"0827903",8,1,19868.545
"0827903",8,2,24030.362
"0827903",8,3,23974.197
"0827903",8,4,24343.362
"0827903",8,5,23835.411
"0827903",8,6,13103.99
"0827903",8,7,9812.865
"0827903",9,1,18401.582
"0827903",9,2,21578.833
"0827903",9,3,21508.132
"0827903",9,4,20677.154
"0827903",9,5,21491.226
"0827903",9,6,16862.29
"0827903",9,7,12596.803
"0827903",10,1,17949.524
"0827903",10,2,18866.416
"0827903",10,3,18965.478
"0827903",10,4,18505.204
"0827903",10,5,18815.853
"0827903",10,6,19304.894
"0827903",10,7,16227.803
"0827903",11,1,18338.951
"0827903",11,2,19182.389
"0827903",11,3,18780.745
"0827903",11,4,18848.104
"0827903",11,5,19556.54
"0827903",11,6,21912.12
"0827903",11,7,17145.525
"0827903",12,1,19177.657
"0827903",12,2,20477.308
"0827903",12,3,19853.096
"0827903",12,4,20243.55
"0827903",12,5,20872.263
"0827903",12,6,23186.124
"0827903",12,7,18187.684
"0827903",13,1,23982.735
"0827903",13,2,25570.667
"0827903",13,3,25235.888
"0827903",13,4,24637.338
"0827903",13,5,25378.06
"0827903",13,6,24036.936
"0827903",13,7,18672.615
"0827903",14,1,25698.075
"0827903",14,2,28815.726
"0827903",14,3,27913.732
"0827903",14,4,27847.604
"0827903",14,5,30914.447
"0827903",14,6,20655.189
"0827903",14,7,16791.78
"0827903",15,1,23363.805
"0827903",15,2,25676.36
"0827903",15,3,25181.046
"0827903",15,4,25254.683
"0827903",15,5,27293.14
"0827903",15,6,18023.666
"0827903",15,7,15125.331
"0827903",16,1,22197.416
"0827903",16,2,24501.878
"0827903",16,3,24359.344
"0827903",16,4,24461.803
"0827903",16,5,24404.333
"0827903",16,6,18802.145
"0827903",16,7,16691.362
"0827903",17,1,24783.256
"0827903",17,2,26690.429
"0827903",17,3,26940.165
"0827903",17,4,27327.834
"0827903",17,5,24651.749
"0827903",17,6,21970.654
"0827903",17,7,17678.08
"0827903",18,1,26084.922
"0827903",18,2,27375.903
"0827903",18,3,28224.552
"0827903",18,4,27698.561
"0827903",18,5,24785.54
"0827903",18,6,23176.017
"0827903",18,7,18116.643
"0827903",19,1,24004.821
"0827903",19,2,25263.743
"0827903",19,3,26190.552
"0827903",19,4,25363.701
"0827903",19,5,24036.666
"0827903",19,6,23660.932
"0827903",19,7,18665.203
"0827903",20,1,22259.966
"0827903",20,2,23456.365
"0827903",20,3,24191.977
"0827903",20,4,23121.131
"0827903",20,5,23325.347
"0827903",20,6,23096.727
"0827903",20,7,18871.074
"0827903",21,1,20700.437
"0827903",21,2,20616.878
"0827903",21,3,21141.544
"0827903",21,4,20922.898
"0827903",21,5,19914.833
"0827903",21,6,21429.884
"0827903",21,7,17356.622
"0827903",22,1,15504.318
"0827903",22,2,16278.766
"0827903",22,3,16398.956
"0827903",22,4,16826.095
"0827903",22,5,17520.3
"0827903",22,6,17427.945
"0827903",22,7,15233.915
"0827903",23,1,9817.956
"0827903",23,2,10163.566
"0827903",23,3,10818.245
"0827903",23,4,10481.728
"0827903",23,5,12441.113
"0827903",23,6,13347.43
"0827903",23,7,10101.001
"0827904",0,1,6758.454
"0827904",0,2,6194.167
"0827904",0,3,6207.443
"0827904",0,4,6287.681
"0827904",0,5,6617.657
"0827904",0,6,8157.747
"0827904",0,7,10077.484
"0827904",1,1,3794.567
"0827904",1,2,3464.501
"0827904",1,3,3385.251
"0827904",1,4,3343.867
"0827904",1,5,3467.955
"0827904",1,6,5139.342
"0827904",1,7,5867.503
"0827904",2,1,3229.178
"0827904",2,2,2815.419
"0827904",2,3,3090.578
"0827904",2,4,3158.187
"0827904",2,5,2525.204
"0827904",2,6,3662.081
"0827904",2,7,4275.996
"0827904",3,1,3046.917
"0827904",3,2,2450.853
"0827904",3,3,2937.592
"0827904",3,4,2988.325
"0827904",3,5,2815.826
"0827904",3,6,3604.423
"0827904",3,7,3334.791
"0827904",4,1,3510.133
"0827904",4,2,3839.34
"0827904",4,3,3664.981
"0827904",4,4,3812.686
"0827904",4,5,3928.434
"0827904",4,6,3694.697
"0827904",4,7,3777.223
"0827904",5,1,8052.404
"0827904",5,2,9248.057
"0827904",5,3,9392.323
"0827904",5,4,9360.873
"0827904",5,5,9519.203
"0827904",5,6,5887.069
"0827904",5,7,4722.7
"0827904",6,1,14367.353
"0827904",6,2,17007.622
"0827904",6,3,17212.925
"0827904",6,4,16592.742
"0827904",6,5,17141.785
"0827904",6,6,8128.628
"0827904",6,7,7139.117
"0827904",7,1,23613.118
"0827904",7,2,29808.165
"0827904",7,3,28937.566
"0827904",7,4,29318.972
"0827904",7,5,28620.199
"0827904",7,6,11087.391
"0827904",7,7,7990.823
"0827904",8,1,22793.506
"0827904",8,2,27644.366
"0827904",8,3,28028.765
"0827904",8,4,27117.911
"0827904",8,5,27260.626
"0827904",8,6,14802.843
"0827904",8,7,10543.542
"0827904",9,1,18936.755
"0827904",9,2,21597.683
"0827904",9,3,21560.143
"0827904",9,4,20746.155
"0827904",9,5,21477.542
"0827904",9,6,19302.397
"0827904",9,7,13828.31
"0827904",10,1,17267.311
"0827904",10,2,17927.154
"0827904",10,3,17542.505
"0827904",10,4,17410.817
"0827904",10,5,18649.177
"0827904",10,6,21440.44
"0827904",10,7,17800.545
"0827904",11,1,17283.309
"0827904",11,2,19520.776
"0827904",11,3,17176.422
"0827904",11,4,17429.671
"0827904",11,5,18217.258
"0827904",11,6,21980.579
"0827904",11,7,19419.591
"0827904",12,1,18353.713
"0827904",12,2,17920.883
"0827904",12,3,16937.983
"0827904",12,4,17241.654
"0827904",12,5,18099.797
"0827904",12,6,22229.478
"0827904",12,7,19871.227
"0827904",13,1,19289.343
"0827904",13,2,20035.407
"0827904",13,3,20299.036
"0827904",13,4,19955.254
"0827904",13,5,20753.151
"0827904",13,6,21076.486
"0827904",13,7,19755.618
"0827904",14,1,19767.907
"0827904",14,2,21499.151
"0827904",14,3,20691.125
"0827904",14,4,21639.249
"0827904",14,5,22449.301
"0827904",14,6,18250.336
"0827904",14,7,16333.005
"0827904",15,1,18645.337
"0827904",15,2,20125.483
"0827904",15,3,19919.72
"0827904",15,4,20108.913
"0827904",15,5,20991.731
"0827904",15,6,15605.262
"0827904",15,7,13743.18
"0827904",16,1,20233.896
"0827904",16,2,20851.865
"0827904",16,3,21226.89
"0827904",16,4,21654.546
"0827904",16,5,21767.712
"0827904",16,6,17286.643
"0827904",16,7,14884.535
"0827904",17,1,20569.452
"0827904",17,2,22763.451
"0827904",17,3,22015.161
"0827904",17,4,22540.846
"0827904",17,5,22123.788
"0827904",17,6,19901.011
"0827904",17,7,16570.073
"0827904",18,1,21618.904
"0827904",18,2,22523.383
"0827904",18,3,22618.983
"0827904",18,4,23633.129
"0827904",18,5,22442.332
"0827904",18,6,21862.843
"0827904",18,7,16682.12
"0827904",19,1,20207.565
"0827904",19,2,21923.92
"0827904",19,3,21997.063
"0827904",19,4,22301.516
"0827904",19,5,21418.834
"0827904",19,6,21283.698
"0827904",19,7,16344.524
"0827904",20,1,18790.516
"0827904",20,2,20454.418
"0827904",20,3,19926.582
"0827904",20,4,19977.83
"0827904",20,5,20202.28
"0827904",20,6,21108.623
"0827904",20,7,15284.583
"0827904",21,1,14985.743
"0827904",21,2,15649.824
"0827904",21,3,16049.483
"0827904",21,4,15986.027
"0827904",21,5,16380.477
"0827904",21,6,17695.783
"0827904",21,7,13670.515
"0827904",22,1,11987.844
"0827904",22,2,11962.522
"0827904",22,3,11943.964
"0827904",22,4,12303.242
"0827904",22,5,13063.225
"0827904",22,6,13225.218
"0827904",22,7,11598.536
"0827904",23,1,8334.29
"0827904",23,2,8449.266
"0827904",23,3,8208.216
"0827904",23,4,8680.201
"0827904",23,5,10159.064
"0827904",23,6,10430.655
"0827904",23,7,8035.564
"0827905",0,1,11250.496
"0827905",0,2,10931.613
"0827905",0,3,11359.436
"0827905",0,4,10618.519
"0827905",0,5,11427.871
"0827905",0,6,13909.87
"0827905",0,7,14975.103
"0827905",1,1,6366.441
"0827905",1,2,5965.762
"0827905",1,3,5761.243
"0827905",1,4,5519.415
"0827905",1,5,6040.83
"0827905",1,6,7890.856
"0827905",1,7,8939.115
"0827905",2,1,4414.741
"0827905",2,2,4307.937
"0827905",2,3,4297.333
"0827905",2,4,4751.512
"0827905",2,5,4457.991
"0827905",2,6,5296.171
"0827905",2,7,6578.478
"0827905",3,1,4154.75
"0827905",3,2,4317.606
"0827905",3,3,3954.227
"0827905",3,4,3658.363
"0827905",3,5,3626.016
"0827905",3,6,4345.781
"0827905",3,7,4905.568
"0827905",4,1,4383.634
"0827905",4,2,4909.454
"0827905",4,3,4909.857
"0827905",4,4,4595.776
"0827905",4,5,4584.401
"0827905",4,6,4530.582
"0827905",4,7,4372.402
"0827905",5,1,9974.871
"0827905",5,2,10902.2
"0827905",5,3,10990.683
"0827905",5,4,11057.934
"0827905",5,5,10992.043
"0827905",5,6,6588.403
"0827905",5,7,5480.031
"0827905",6,1,18287.129
"0827905",6,2,22201.767
"0827905",6,3,21649.747
"0827905",6,4,21965.12
"0827905",6,5,21458.886
"0827905",6,6,10856.087
"0827905",6,7,9509.811
"0827905",7,1,32648.135
"0827905",7,2,39067.945
"0827905",7,3,38222.713
"0827905",7,4,38762.257
"0827905",7,5,37777.199
"0827905",7,6,15274.992
"0827905",7,7,12003.918
"0827905",8,1,31815.825
"0827905",8,2,38489.766
"0827905",8,3,38281.425
"0827905",8,4,37552.113
"0827905",8,5,36460.988
"0827905",8,6,21106.86
"0827905",8,7,15079.565
"0827905",9,1,29963.156
"0827905",9,2,33246.531
"0827905",9,3,33869.964
"0827905",9,4,33076.923
"0827905",9,5,32016.358
"0827905",9,6,27233.247
"0827905",9,7,20334.914
"0827905",10,1,26988.332
"0827905",10,2,28353.87
"0827905",10,3,28301.672
"0827905",10,4,27571.004
"0827905",10,5,28868.965
"0827905",10,6,30424.948
"0827905",10,7,27090.677
"0827905",11,1,27918.822
"0827905",11,2,28805.344
"0827905",11,3,28937.708
"0827905",11,4,27544.12
"0827905",11,5,28334.458
"0827905",11,6,34184.745
"0827905",11,7,30572.089
"0827905",12,1,29275.928
"0827905",12,2,29974.344
"0827905",12,3,30221.725
"0827905",12,4,28472.394
"0827905",12,5,29562.655
"0827905",12,6,33535.352
"0827905",12,7,30369.399
"0827905",13,1,31967.019
"0827905",13,2,34915.921
"0827905",13,3,34785.036
"0827905",13,4,32287.916
"0827905",13,5,33599.03
"0827905",13,6,34262.772
"0827905",13,7,32154.672
"0827905",14,1,33485.837
"0827905",14,2,35755.905
"0827905",14,3,35672.935
"0827905",14,4,35583.117
"0827905",14,5,37008.705
"0827905",14,6,29127.294
"0827905",14,7,26642.27
"0827905",15,1,29404.111
"0827905",15,2,31995.091
"0827905",15,3,33479.958
"0827905",15,4,31894.412
"0827905",15,5,33405.437
"0827905",15,6,24362.878
"0827905",15,7,21287.328
"0827905",16,1,30188.99
"0827905",16,2,32991.616
"0827905",16,3,32575.767
"0827905",16,4,33471.74
"0827905",16,5,34470.621
"0827905",16,6,27725.14
"0827905",16,7,22539.252
"0827905",17,1,34264.328
"0827905",17,2,38333.867
"0827905",17,3,37930.631
"0827905",17,4,36722.22
"0827905",17,5,37006.093
"0827905",17,6,29647.946
"0827905",17,7,25373.782
"0827905",18,1,34772.633
"0827905",18,2,37344.907
"0827905",18,3,37300.276
"0827905",18,4,38498.874
"0827905",18,5,37026.644
"0827905",18,6,33669.555
"0827905",18,7,26424.627
"0827905",19,1,34958.619
"0827905",19,2,38708.97
"0827905",19,3,37973.146
"0827905",19,4,38635.706
"0827905",19,5,36203.641
"0827905",19,6,30753.842
"0827905",19,7,25896.431
"0827905",20,1,32397.985
"0827905",20,2,35151.014
"0827905",20,3,35331.529
"0827905",20,4,35175.45
"0827905",20,5,34722.309
"0827905",20,6,28279.209
"0827905",20,7,24808.552
"0827905",21,1,27586.242
"0827905",21,2,28910.447
"0827905",21,3,28707.783
"0827905",21,4,28302.197
"0827905",21,5,28511.26
"0827905",21,6,25109.521
"0827905",21,7,22292.266
"0827905",22,1,20701.749
"0827905",22,2,22041.642
"0827905",22,3,21779.787
"0827905",22,4,21643.234
"0827905",22,5,22420.734
"0827905",22,6,19681.385
"0827905",22,7,18709.192
"0827905",23,1,13254.298
"0827905",23,2,14744.071
"0827905",23,3,14628.748
"0827905",23,4,14788.458
"0827905",23,5,16845.11
"0827905",23,6,16632.059
"0827905",23,7,13319.291
"0827906",0,1,12186.541
"0827906",0,2,11259.924
"0827906",0,3,11293.503
"0827906",0,4,11298.983
"0827906",0,5,11760.02
"0827906",0,6,13959.654
"0827906",0,7,15940.13
"0827906",1,1,6545.089
"0827906",1,2,5642.035
"0827906",1,3,6244.385
"0827906",1,4,6037.191
"0827906",1,5,5522.465
"0827906",1,6,8379.487
"0827906",1,7,9340.449
"0827906",2,1,4901.836
"0827906",2,2,4092.276
"0827906",2,3,4396.142
"0827906",2,4,4757.071
"0827906",2,5,4244.865
"0827906",2,6,5684.113
"0827906",2,7,6169.626
"0827906",3,1,3777.879
"0827906",3,2,3636.381
"0827906",3,3,3540.58
"0827906",3,4,4396.519
"0827906",3,5,3732.954
"0827906",3,6,4713.116
"0827906",3,7,5005.733
"0827906",4,1,4712.117
"0827906",4,2,5073.545
"0827906",4,3,5024.473
"0827906",4,4,4927.705
"0827906",4,5,4949.492
"0827906",4,6,4657.995
"0827906",4,7,4903.391
"0827906",5,1,10472.698
"0827906",5,2,11587.372
"0827906",5,3,11683.089
"0827906",5,4,12017.379
"0827906",5,5,11315.137
"0827906",5,6,6677.088
"0827906",5,7,6159.31
"0827906",6,1,18966.691
"0827906",6,2,21543.019
"0827906",6,3,21807.732
"0827906",6,4,21152.7
"0827906",6,5,21946.969
"0827906",6,6,11321.682
"0827906",6,7,10146.409
"0827906",7,1,28149.769
"0827906",7,2,34675.396
"0827906",7,3,33915.808
"0827906",7,4,34723.377
"0827906",7,5,33565.621
"0827906",7,6,15669.934
"0827906",7,7,12044.331
"0827906",8,1,28210.257
"0827906",8,2,33242.175
"0827906",8,3,33333.368
"0827906",8,4,32146.062
"0827906",8,5,31967.478
"0827906",8,6,19725.099
"0827906",8,7,15435.024
"0827906",9,1,26208.743
"0827906",9,2,29037.26
"0827906",9,3,28893.794
"0827906",9,4,28405.315
"0827906",9,5,28585.416
"0827906",9,6,24643.356
"0827906",9,7,19430.726
"0827906",10,1,24909.43
"0827906",10,2,25839.149
"0827906",10,3,26519.318
"0827906",10,4,25019.723
"0827906",10,5,25896.735
"0827906",10,6,28422.363
"0827906",10,7,24478.136
"0827906",11,1,25202.371
"0827906",11,2,25496.597
"0827906",11,3,28038.138
"0827906",11,4,25647.697
"0827906",11,5,26889.52
"0827906",11,6,30832.341
"0827906",11,7,27154.413
"0827906",12,1,26079.574
"0827906",12,2,28239.633
"0827906",12,3,29099.777
"0827906",12,4,26813.26
"0827906",12,5,27502.906
"0827906",12,6,31557.871
"0827906",12,7,27841.39
"0827906",13,1,30270.083
"0827906",13,2,32189.486
"0827906",13,3,32562.439
"0827906",13,4,30782.355
"0827906",13,5,31815.999
"0827906",13,6,32947.572
"0827906",13,7,31168.115
"0827906",14,1,30747.401
"0827906",14,2,33203.67
"0827906",14,3,33651.588
"0827906",14,4,32525.738
"0827906",14,5,34796.905
"0827906",14,6,28642.912
"0827906",14,7,26293.093
"0827906",15,1,28600.571
"0827906",15,2,31354.742
"0827906",15,3,33684.834
"0827906",15,4,30800.206
"0827906",15,5,32687.316
"0827906",15,6,24807.091
"0827906",15,7,22132.806
"0827906",16,1,28639.386
"0827906",16,2,31351.597
"0827906",16,3,31386.183
"0827906",16,4,31199.668
"0827906",16,5,32328.163
"0827906",16,6,29042.574
"0827906",16,7,23009.002
"0827906",17,1,32632.829
"0827906",17,2,34383.813
"0827906",17,3,34311.615
"0827906",17,4,35043.618
"0827906",17,5,33096.752
"0827906",17,6,29480.934
"0827906",17,7,24200.726
"0827906",18,1,32915.016
"0827906",18,2,33408.992
"0827906",18,3,34004.53
"0827906",18,4,34226.192
"0827906",18,5,32921.876
"0827906",18,6,29866.566
"0827906",18,7,25074.643
"0827906",19,1,31594.063
"0827906",19,2,33018.084
"0827906",19,3,36138.747
"0827906",19,4,34030.854
"0827906",19,5,32094.467
"0827906",19,6,28623.997
"0827906",19,7,24796.868
"0827906",20,1,29774.219
"0827906",20,2,30948.509
"0827906",20,3,31940.571
"0827906",20,4,30048.096
"0827906",20,5,30697.095
"0827906",20,6,27812.291
"0827906",20,7,25757.458
"0827906",21,1,25818.988
"0827906",21,2,26480.103
"0827906",21,3,26769.019
"0827906",21,4,26240.771
"0827906",21,5,26442.365
"0827906",21,6,25600.521
"0827906",21,7,24108.63
"0827906",22,1,21089.122
"0827906",22,2,20788.249
"0827906",22,3,21348.09
"0827906",22,4,21032.11
"0827906",22,5,21833.619
"0827906",22,6,20330.374
"0827906",22,7,19387.226
"0827906",23,1,13732.904
"0827906",23,2,14434.515
"0827906",23,3,14813.005
"0827906",23,4,14566.333
"0827906",23,5,16514.507
"0827906",23,6,16422.504
"0827906",23,7,14555.574
"0827907",0,1,2304.94
"0827907",0,2,1933.529
"0827907",0,3,2092.768
"0827907",0,4,1951.345
"0827907",0,5,2091.951
"0827907",0,6,2467.637
"0827907",0,7,2808.02
"0827907",1,1,1278.385
"0827907",1,2,1032.101
"0827907",1,3,1092.752
"0827907",1,4,1285.916
"0827907",1,5,1247.416
"0827907",1,6,1804.28
"0827907",1,7,1966.078
"0827907",2,1,1113.525
"0827907",2,2,784.347
"0827907",2,3,1285.44
"0827907",2,4,992.356
"0827907",2,5,1093.406
"0827907",2,6,1302.613
"0827907",2,7,1372.752
"0827907",3,1,961.693
"0827907",3,2,1033.672
"0827907",3,3,1013.144
"0827907",3,4,863.836
"0827907",3,5,1031.567
"0827907",3,6,1222.013
"0827907",3,7,1173.152
"0827907",4,1,920.335
"0827907",4,2,1109.559
"0827907",4,3,1009.456
"0827907",4,4,1042.648
"0827907",4,5,933.409
"0827907",4,6,1295.467
"0827907",4,7,962.142
"0827907",5,1,1789.034
"0827907",5,2,2232.548
"0827907",5,3,2007.595
"0827907",5,4,2424.68
"0827907",5,5,2107.21
"0827907",5,6,1528.373
"0827907",5,7,1294.267
"0827907",6,1,3507.312
"0827907",6,2,4487.306
"0827907",6,3,4660.144
"0827907",6,4,4349.847
"0827907",6,5,4438.172
"0827907",6,6,2171.418
"0827907",6,7,1756.303
"0827907",7,1,5914.982
"0827907",7,2,7165.109
"0827907",7,3,7374.702
"0827907",7,4,7277.206
"0827907",7,5,7070.811
"0827907",7,6,2691.436
"0827907",7,7,2198.293
"0827907",8,1,5524.633
"0827907",8,2,7187.107
"0827907",8,3,6748.056
"0827907",8,4,6952.486
"0827907",8,5,6737.615
"0827907",8,6,3625.59
"0827907",8,7,2779.677
"0827907",9,1,5061.765
"0827907",9,2,5786.053
"0827907",9,3,5578.849
"0827907",9,4,5485.954
"0827907",9,5,5779.536
"0827907",9,6,4482.408
"0827907",9,7,3413.457
"0827907",10,1,4601.33
"0827907",10,2,5039.548
"0827907",10,3,4874.874
"0827907",10,4,4928.395
"0827907",10,5,5099.404
"0827907",10,6,4957.362
"0827907",10,7,4018.192
"0827907",11,1,4922.646
"0827907",11,2,4894.472
"0827907",11,3,4655.443
"0827907",11,4,4620.516
"0827907",11,5,4955.98
"0827907",11,6,5830.545
"0827907",11,7,4647.566
"0827907",12,1,5099.032
"0827907",12,2,5286.172
"0827907",12,3,5228.23
"0827907",12,4,4827.135
"0827907",12,5,5082.438
"0827907",12,6,6141.597
"0827907",12,7,4664.99
"0827907",13,1,5843.646
"0827907",13,2,6255.943
"0827907",13,3,6090.694
"0827907",13,4,6086.726
"0827907",13,5,6269.485
"0827907",13,6,6278.656
"0827907",13,7,4886.273
"0827907",14,1,6502.877
"0827907",14,2,7595.137
"0827907",14,3,7429.06
"0827907",14,4,7389.627
"0827907",14,5,8632.061
"0827907",14,6,5496.377
"0827907",14,7,4039.374
"0827907",15,1,5656.272
"0827907",15,2,6867.614
"0827907",15,3,6786.594
"0827907",15,4,7115.515
"0827907",15,5,7100.877
"0827907",15,6,4224.92
"0827907",15,7,3547.465
"0827907",16,1,5588.3
"0827907",16,2,6200.447
"0827907",16,3,6354.851
"0827907",16,4,6337.225
"0827907",16,5,6557.194
"0827907",16,6,4504.226
"0827907",16,7,3660.44
"0827907",17,1,6216.996
"0827907",17,2,6667.308
"0827907",17,3,7047.437
"0827907",17,4,6909.497
"0827907",17,5,6133.273
"0827907",17,6,5416.294
"0827907",17,7,4487.64
"0827907",18,1,6195.326
"0827907",18,2,6765.655
"0827907",18,3,6996.395
"0827907",18,4,6785.248
"0827907",18,5,6292.436
"0827907",18,6,5539.273
"0827907",18,7,4526.256
"0827907",19,1,5357.403
"0827907",19,2,5617.496
"0827907",19,3,5729.856
"0827907",19,4,6045.592
"0827907",19,5,5557.716
"0827907",19,6,5877.055
"0827907",19,7,4305.278
"0827907",20,1,5028.746
"0827907",20,2,5321.724
"0827907",20,3,5477.583
"0827907",20,4,5343.31
"0827907",20,5,5455.506
"0827907",20,6,5554.518
"0827907",20,7,3714.584
"0827907",21,1,4035.681
"0827907",21,2,4326.745
"0827907",21,3,4333.72
"0827907",21,4,4438.53
"0827907",21,5,4755.509
"0827907",21,6,4766.622
"0827907",21,7,3317.951
"0827907",22,1,3730.537
"0827907",22,2,4148.021
"0827907",22,3,4041.212
"0827907",22,4,4163.415
"0827907",22,5,3817.976
"0827907",22,6,3255.679
"0827907",22,7,2912.563
"0827907",23,1,2201.556
"0827907",23,2,2077.979
"0827907",23,3,2071.076
"0827907",23,4,2235.881
"0827907",23,5,2497.732
"0827907",23,6,2573.737
"0827907",23,7,1962.595
